User_ID,Name,Email,Token
1,Alice Johnson,alice@example.com,14071c961000904336ba5f751d0f721f
2,Bob Smith,bob@example.com,6ba6f838dcf510cfb25339cac5f82124
3,Charlie Brown,charlie@example.com,c3ceb35bf0e1913dc60d3996f785357f
4,David Williams,david@example.com,b8a415fb3a69638d833ff4763ba4140b
5,Emma Davis,emma@example.com,72ccbdb7d43bcc5624a36afd9e241e95
6,Frank Miller,frank@example.com,e651cdec5bb2390fe79b2a15d93f3cb1
7,Grace Wilson,grace@example.com,b26a209e4f097072b6196d274d094b30
8,Henry Moore,henry@example.com,69209eaac087df1f013ec2c4862a27d7
9,Isabella Clark,isabella@example.com,30187c16064341969a4e85ff2f1058a5
10,Jack White,jack@example.com,0434694a9ea12732249634976babc329
